No.,Symbol,Stock Name,Price,% Chg,Market Cap,P/E (TTM),Volume,code,price_currency,market_cap_currency,criterion_values
1,S0051,Fixture Stock 51,52,0.1,11490000000,8,200000,US.S0051,Unavailable,Unavailable,"{""pb"":0.8}"
2,S0052,Fixture Stock 52,53,0.2,11480000000,8,200000,US.S0052,Unavailable,Unavailable,"{""pb"":0.8}"
3,S0053,Fixture Stock 53,54,0.3,11470000000,8,200000,US.S0053,Unavailable,Unavailable,"{""pb"":0.8}"
4,S0054,Fixture Stock 54,55,0.4,11460000000,8,200000,US.S0054,Unavailable,Unavailable,"{""pb"":0.8}"
5,S0055,Fixture Stock 55,56,0.5,11450000000,8,200000,US.S0055,Unavailable,Unavailable,"{""pb"":0.8}"
6,S0056,Fixture Stock 56,57,0.6,11440000000,8,200000,US.S0056,Unavailable,Unavailable,"{""pb"":0.8}"
7,S0057,Fixture Stock 57,58,0.7,11430000000,8,200000,US.S0057,Unavailable,Unavailable,"{""pb"":0.8}"
8,S0058,Fixture Stock 58,59,0.8,11420000000,8,200000,US.S0058,Unavailable,Unavailable,"{""pb"":0.8}"
9,S0059,Fixture Stock 59,60,0.9,11410000000,8,200000,US.S0059,Unavailable,Unavailable,"{""pb"":0.8}"
10,S0060,Fixture Stock 60,61,1,11400000000,8,200000,US.S0060,Unavailable,Unavailable,"{""pb"":0.8}"
11,S0061,Fixture Stock 61,62,1.1,11390000000,8,200000,US.S0061,Unavailable,Unavailable,"{""pb"":0.8}"
12,S0062,Fixture Stock 62,63,1.2,11380000000,8,200000,US.S0062,Unavailable,Unavailable,"{""pb"":0.8}"
13,S0063,Fixture Stock 63,64,1.3,11370000000,8,200000,US.S0063,Unavailable,Unavailable,"{""pb"":0.8}"
14,S0064,Fixture Stock 64,65,1.4,11360000000,8,200000,US.S0064,Unavailable,Unavailable,"{""pb"":0.8}"
15,S0065,Fixture Stock 65,66,1.5,11350000000,8,200000,US.S0065,Unavailable,Unavailable,"{""pb"":0.8}"
16,S0066,Fixture Stock 66,67,1.6,11340000000,8,200000,US.S0066,Unavailable,Unavailable,"{""pb"":0.8}"
17,S0067,Fixture Stock 67,68,1.7,11330000000,8,200000,US.S0067,Unavailable,Unavailable,"{""pb"":0.8}"
18,S0068,Fixture Stock 68,69,1.8,11320000000,8,200000,US.S0068,Unavailable,Unavailable,"{""pb"":0.8}"
19,S0069,Fixture Stock 69,70,1.9,11310000000,8,200000,US.S0069,Unavailable,Unavailable,"{""pb"":0.8}"
20,S0070,Fixture Stock 70,71,2,11300000000,8,200000,US.S0070,Unavailable,Unavailable,"{""pb"":0.8}"
21,S0071,Fixture Stock 71,72,2.1,11290000000,8,200000,US.S0071,Unavailable,Unavailable,"{""pb"":0.8}"
22,S0072,Fixture Stock 72,73,2.2,11280000000,8,200000,US.S0072,Unavailable,Unavailable,"{""pb"":0.8}"
23,S0073,Fixture Stock 73,74,2.3,11270000000,8,200000,US.S0073,Unavailable,Unavailable,"{""pb"":0.8}"
24,S0074,Fixture Stock 74,75,2.4,11260000000,8,200000,US.S0074,Unavailable,Unavailable,"{""pb"":0.8}"
25,S0075,Fixture Stock 75,76,2.5,11250000000,8,200000,US.S0075,Unavailable,Unavailable,"{""pb"":0.8}"
26,S0076,Fixture Stock 76,77,2.6,11240000000,8,200000,US.S0076,Unavailable,Unavailable,"{""pb"":0.8}"
27,S0077,Fixture Stock 77,78,2.7,11230000000,8,200000,US.S0077,Unavailable,Unavailable,"{""pb"":0.8}"
28,S0078,Fixture Stock 78,79,2.8,11220000000,8,200000,US.S0078,Unavailable,Unavailable,"{""pb"":0.8}"
29,S0079,Fixture Stock 79,80,2.9,11210000000,8,200000,US.S0079,Unavailable,Unavailable,"{""pb"":0.8}"
30,S0080,Fixture Stock 80,81,3,11200000000,8,200000,US.S0080,Unavailable,Unavailable,"{""pb"":0.8}"
31,S0081,Fixture Stock 81,82,3.1,11190000000,8,200000,US.S0081,Unavailable,Unavailable,"{""pb"":0.8}"
32,S0082,Fixture Stock 82,83,3.2,11180000000,8,200000,US.S0082,Unavailable,Unavailable,"{""pb"":0.8}"
33,S0083,Fixture Stock 83,84,3.3,11170000000,8,200000,US.S0083,Unavailable,Unavailable,"{""pb"":0.8}"
34,S0084,Fixture Stock 84,85,3.4,11160000000,8,200000,US.S0084,Unavailable,Unavailable,"{""pb"":0.8}"
35,S0085,Fixture Stock 85,86,3.5,11150000000,8,200000,US.S0085,Unavailable,Unavailable,"{""pb"":0.8}"
36,S0086,Fixture Stock 86,87,3.6,11140000000,8,200000,US.S0086,Unavailable,Unavailable,"{""pb"":0.8}"
37,S0087,Fixture Stock 87,88,3.7,11130000000,8,200000,US.S0087,Unavailable,Unavailable,"{""pb"":0.8}"
38,S0088,Fixture Stock 88,89,3.8,11120000000,8,200000,US.S0088,Unavailable,Unavailable,"{""pb"":0.8}"
39,S0089,Fixture Stock 89,90,3.9,11110000000,8,200000,US.S0089,Unavailable,Unavailable,"{""pb"":0.8}"
40,S0090,Fixture Stock 90,91,4,11100000000,8,200000,US.S0090,Unavailable,Unavailable,"{""pb"":0.8}"
41,S0091,Fixture Stock 91,92,4.1,11090000000,8,200000,US.S0091,Unavailable,Unavailable,"{""pb"":0.8}"
42,S0092,Fixture Stock 92,93,4.2,11080000000,8,200000,US.S0092,Unavailable,Unavailable,"{""pb"":0.8}"
43,S0093,Fixture Stock 93,94,4.3,11070000000,8,200000,US.S0093,Unavailable,Unavailable,"{""pb"":0.8}"
44,S0094,Fixture Stock 94,95,4.4,11060000000,8,200000,US.S0094,Unavailable,Unavailable,"{""pb"":0.8}"
45,S0095,Fixture Stock 95,96,4.5,11050000000,8,200000,US.S0095,Unavailable,Unavailable,"{""pb"":0.8}"
46,S0096,Fixture Stock 96,97,4.6,11040000000,8,200000,US.S0096,Unavailable,Unavailable,"{""pb"":0.8}"
47,S0097,Fixture Stock 97,98,4.7,11030000000,8,200000,US.S0097,Unavailable,Unavailable,"{""pb"":0.8}"
48,S0098,Fixture Stock 98,99,4.8,11020000000,8,200000,US.S0098,Unavailable,Unavailable,"{""pb"":0.8}"
49,S0099,Fixture Stock 99,100,4.9,11010000000,8,200000,US.S0099,Unavailable,Unavailable,"{""pb"":0.8}"
50,S0151,Fixture Stock 151,52,0.1,10490000000,8,200000,US.S0151,Unavailable,Unavailable,"{""pb"":0.8}"
51,S0152,Fixture Stock 152,53,0.2,10480000000,8,200000,US.S0152,Unavailable,Unavailable,"{""pb"":0.8}"
52,S0153,Fixture Stock 153,54,0.3,10470000000,8,200000,US.S0153,Unavailable,Unavailable,"{""pb"":0.8}"
53,S0154,Fixture Stock 154,55,0.4,10460000000,8,200000,US.S0154,Unavailable,Unavailable,"{""pb"":0.8}"
54,S0155,Fixture Stock 155,56,0.5,10450000000,8,200000,US.S0155,Unavailable,Unavailable,"{""pb"":0.8}"
55,S0156,Fixture Stock 156,57,0.6,10440000000,8,200000,US.S0156,Unavailable,Unavailable,"{""pb"":0.8}"
56,S0157,Fixture Stock 157,58,0.7,10430000000,8,200000,US.S0157,Unavailable,Unavailable,"{""pb"":0.8}"
57,S0158,Fixture Stock 158,59,0.8,10420000000,8,200000,US.S0158,Unavailable,Unavailable,"{""pb"":0.8}"
58,S0159,Fixture Stock 159,60,0.9,10410000000,8,200000,US.S0159,Unavailable,Unavailable,"{""pb"":0.8}"
59,S0160,Fixture Stock 160,61,1,10400000000,8,200000,US.S0160,Unavailable,Unavailable,"{""pb"":0.8}"
60,S0161,Fixture Stock 161,62,1.1,10390000000,8,200000,US.S0161,Unavailable,Unavailable,"{""pb"":0.8}"
61,S0162,Fixture Stock 162,63,1.2,10380000000,8,200000,US.S0162,Unavailable,Unavailable,"{""pb"":0.8}"
62,S0163,Fixture Stock 163,64,1.3,10370000000,8,200000,US.S0163,Unavailable,Unavailable,"{""pb"":0.8}"
63,S0164,Fixture Stock 164,65,1.4,10360000000,8,200000,US.S0164,Unavailable,Unavailable,"{""pb"":0.8}"
64,S0165,Fixture Stock 165,66,1.5,10350000000,8,200000,US.S0165,Unavailable,Unavailable,"{""pb"":0.8}"
65,S0166,Fixture Stock 166,67,1.6,10340000000,8,200000,US.S0166,Unavailable,Unavailable,"{""pb"":0.8}"
66,S0167,Fixture Stock 167,68,1.7,10330000000,8,200000,US.S0167,Unavailable,Unavailable,"{""pb"":0.8}"
67,S0168,Fixture Stock 168,69,1.8,10320000000,8,200000,US.S0168,Unavailable,Unavailable,"{""pb"":0.8}"
68,S0169,Fixture Stock 169,70,1.9,10310000000,8,200000,US.S0169,Unavailable,Unavailable,"{""pb"":0.8}"
69,S0170,Fixture Stock 170,71,2,10300000000,8,200000,US.S0170,Unavailable,Unavailable,"{""pb"":0.8}"
70,S0171,Fixture Stock 171,72,2.1,10290000000,8,200000,US.S0171,Unavailable,Unavailable,"{""pb"":0.8}"
71,S0172,Fixture Stock 172,73,2.2,10280000000,8,200000,US.S0172,Unavailable,Unavailable,"{""pb"":0.8}"
72,S0173,Fixture Stock 173,74,2.3,10270000000,8,200000,US.S0173,Unavailable,Unavailable,"{""pb"":0.8}"
73,S0174,Fixture Stock 174,75,2.4,10260000000,8,200000,US.S0174,Unavailable,Unavailable,"{""pb"":0.8}"
74,S0175,Fixture Stock 175,76,2.5,10250000000,8,200000,US.S0175,Unavailable,Unavailable,"{""pb"":0.8}"
75,S0176,Fixture Stock 176,77,2.6,10240000000,8,200000,US.S0176,Unavailable,Unavailable,"{""pb"":0.8}"
76,S0177,Fixture Stock 177,78,2.7,10230000000,8,200000,US.S0177,Unavailable,Unavailable,"{""pb"":0.8}"
77,S0178,Fixture Stock 178,79,2.8,10220000000,8,200000,US.S0178,Unavailable,Unavailable,"{""pb"":0.8}"
78,S0179,Fixture Stock 179,80,2.9,10210000000,8,200000,US.S0179,Unavailable,Unavailable,"{""pb"":0.8}"
79,S0180,Fixture Stock 180,81,3,10200000000,8,200000,US.S0180,Unavailable,Unavailable,"{""pb"":0.8}"
80,S0181,Fixture Stock 181,82,3.1,10190000000,8,200000,US.S0181,Unavailable,Unavailable,"{""pb"":0.8}"
81,S0182,Fixture Stock 182,83,3.2,10180000000,8,200000,US.S0182,Unavailable,Unavailable,"{""pb"":0.8}"
82,S0183,Fixture Stock 183,84,3.3,10170000000,8,200000,US.S0183,Unavailable,Unavailable,"{""pb"":0.8}"
83,S0184,Fixture Stock 184,85,3.4,10160000000,8,200000,US.S0184,Unavailable,Unavailable,"{""pb"":0.8}"
84,S0185,Fixture Stock 185,86,3.5,10150000000,8,200000,US.S0185,Unavailable,Unavailable,"{""pb"":0.8}"
85,S0186,Fixture Stock 186,87,3.6,10140000000,8,200000,US.S0186,Unavailable,Unavailable,"{""pb"":0.8}"
86,S0187,Fixture Stock 187,88,3.7,10130000000,8,200000,US.S0187,Unavailable,Unavailable,"{""pb"":0.8}"
87,S0188,Fixture Stock 188,89,3.8,10120000000,8,200000,US.S0188,Unavailable,Unavailable,"{""pb"":0.8}"
88,S0189,Fixture Stock 189,90,3.9,10110000000,8,200000,US.S0189,Unavailable,Unavailable,"{""pb"":0.8}"
89,S0190,Fixture Stock 190,91,4,10100000000,8,200000,US.S0190,Unavailable,Unavailable,"{""pb"":0.8}"
90,S0191,Fixture Stock 191,92,4.1,10090000000,8,200000,US.S0191,Unavailable,Unavailable,"{""pb"":0.8}"
91,S0192,Fixture Stock 192,93,4.2,10080000000,8,200000,US.S0192,Unavailable,Unavailable,"{""pb"":0.8}"
92,S0193,Fixture Stock 193,94,4.3,10070000000,8,200000,US.S0193,Unavailable,Unavailable,"{""pb"":0.8}"
93,S0194,Fixture Stock 194,95,4.4,10060000000,8,200000,US.S0194,Unavailable,Unavailable,"{""pb"":0.8}"
94,S0195,Fixture Stock 195,96,4.5,10050000000,8,200000,US.S0195,Unavailable,Unavailable,"{""pb"":0.8}"
95,S0196,Fixture Stock 196,97,4.6,10040000000,8,200000,US.S0196,Unavailable,Unavailable,"{""pb"":0.8}"
96,S0197,Fixture Stock 197,98,4.7,10030000000,8,200000,US.S0197,Unavailable,Unavailable,"{""pb"":0.8}"
97,S0198,Fixture Stock 198,99,4.8,10020000000,8,200000,US.S0198,Unavailable,Unavailable,"{""pb"":0.8}"
98,S0199,Fixture Stock 199,100,4.9,10010000000,8,200000,US.S0199,Unavailable,Unavailable,"{""pb"":0.8}"
99,S0251,Fixture Stock 251,52,0.1,9490000000,8,200000,US.S0251,Unavailable,Unavailable,"{""pb"":0.8}"
100,S0252,Fixture Stock 252,53,0.2,9480000000,8,200000,US.S0252,Unavailable,Unavailable,"{""pb"":0.8}"
101,S0253,Fixture Stock 253,54,0.3,9470000000,8,200000,US.S0253,Unavailable,Unavailable,"{""pb"":0.8}"
102,S0254,Fixture Stock 254,55,0.4,9460000000,8,200000,US.S0254,Unavailable,Unavailable,"{""pb"":0.8}"
103,S0255,Fixture Stock 255,56,0.5,9450000000,8,200000,US.S0255,Unavailable,Unavailable,"{""pb"":0.8}"
104,S0256,Fixture Stock 256,57,0.6,9440000000,8,200000,US.S0256,Unavailable,Unavailable,"{""pb"":0.8}"
105,S0257,Fixture Stock 257,58,0.7,9430000000,8,200000,US.S0257,Unavailable,Unavailable,"{""pb"":0.8}"
106,S0258,Fixture Stock 258,59,0.8,9420000000,8,200000,US.S0258,Unavailable,Unavailable,"{""pb"":0.8}"
107,S0259,Fixture Stock 259,60,0.9,9410000000,8,200000,US.S0259,Unavailable,Unavailable,"{""pb"":0.8}"
108,S0260,Fixture Stock 260,61,1,9400000000,8,200000,US.S0260,Unavailable,Unavailable,"{""pb"":0.8}"
109,S0261,Fixture Stock 261,62,1.1,9390000000,8,200000,US.S0261,Unavailable,Unavailable,"{""pb"":0.8}"
110,S0262,Fixture Stock 262,63,1.2,9380000000,8,200000,US.S0262,Unavailable,Unavailable,"{""pb"":0.8}"
111,S0263,Fixture Stock 263,64,1.3,9370000000,8,200000,US.S0263,Unavailable,Unavailable,"{""pb"":0.8}"
112,S0264,Fixture Stock 264,65,1.4,9360000000,8,200000,US.S0264,Unavailable,Unavailable,"{""pb"":0.8}"
113,S0265,Fixture Stock 265,66,1.5,9350000000,8,200000,US.S0265,Unavailable,Unavailable,"{""pb"":0.8}"
114,S0266,Fixture Stock 266,67,1.6,9340000000,8,200000,US.S0266,Unavailable,Unavailable,"{""pb"":0.8}"
115,S0267,Fixture Stock 267,68,1.7,9330000000,8,200000,US.S0267,Unavailable,Unavailable,"{""pb"":0.8}"
116,S0268,Fixture Stock 268,69,1.8,9320000000,8,200000,US.S0268,Unavailable,Unavailable,"{""pb"":0.8}"
117,S0269,Fixture Stock 269,70,1.9,9310000000,8,200000,US.S0269,Unavailable,Unavailable,"{""pb"":0.8}"
118,S0270,Fixture Stock 270,71,2,9300000000,8,200000,US.S0270,Unavailable,Unavailable,"{""pb"":0.8}"
119,S0271,Fixture Stock 271,72,2.1,9290000000,8,200000,US.S0271,Unavailable,Unavailable,"{""pb"":0.8}"
120,S0272,Fixture Stock 272,73,2.2,9280000000,8,200000,US.S0272,Unavailable,Unavailable,"{""pb"":0.8}"
121,S0273,Fixture Stock 273,74,2.3,9270000000,8,200000,US.S0273,Unavailable,Unavailable,"{""pb"":0.8}"
122,S0274,Fixture Stock 274,75,2.4,9260000000,8,200000,US.S0274,Unavailable,Unavailable,"{""pb"":0.8}"
123,S0275,Fixture Stock 275,76,2.5,9250000000,8,200000,US.S0275,Unavailable,Unavailable,"{""pb"":0.8}"
124,S0276,Fixture Stock 276,77,2.6,9240000000,8,200000,US.S0276,Unavailable,Unavailable,"{""pb"":0.8}"
125,S0277,Fixture Stock 277,78,2.7,9230000000,8,200000,US.S0277,Unavailable,Unavailable,"{""pb"":0.8}"
126,S0278,Fixture Stock 278,79,2.8,9220000000,8,200000,US.S0278,Unavailable,Unavailable,"{""pb"":0.8}"
127,S0279,Fixture Stock 279,80,2.9,9210000000,8,200000,US.S0279,Unavailable,Unavailable,"{""pb"":0.8}"
128,S0280,Fixture Stock 280,81,3,9200000000,8,200000,US.S0280,Unavailable,Unavailable,"{""pb"":0.8}"
129,S0281,Fixture Stock 281,82,3.1,9190000000,8,200000,US.S0281,Unavailable,Unavailable,"{""pb"":0.8}"
130,S0282,Fixture Stock 282,83,3.2,9180000000,8,200000,US.S0282,Unavailable,Unavailable,"{""pb"":0.8}"
131,S0283,Fixture Stock 283,84,3.3,9170000000,8,200000,US.S0283,Unavailable,Unavailable,"{""pb"":0.8}"
132,S0284,Fixture Stock 284,85,3.4,9160000000,8,200000,US.S0284,Unavailable,Unavailable,"{""pb"":0.8}"
133,S0285,Fixture Stock 285,86,3.5,9150000000,8,200000,US.S0285,Unavailable,Unavailable,"{""pb"":0.8}"
134,S0286,Fixture Stock 286,87,3.6,9140000000,8,200000,US.S0286,Unavailable,Unavailable,"{""pb"":0.8}"
135,S0287,Fixture Stock 287,88,3.7,9130000000,8,200000,US.S0287,Unavailable,Unavailable,"{""pb"":0.8}"
136,S0288,Fixture Stock 288,89,3.8,9120000000,8,200000,US.S0288,Unavailable,Unavailable,"{""pb"":0.8}"
137,S0289,Fixture Stock 289,90,3.9,9110000000,8,200000,US.S0289,Unavailable,Unavailable,"{""pb"":0.8}"
138,S0290,Fixture Stock 290,91,4,9100000000,8,200000,US.S0290,Unavailable,Unavailable,"{""pb"":0.8}"
139,S0291,Fixture Stock 291,92,4.1,9090000000,8,200000,US.S0291,Unavailable,Unavailable,"{""pb"":0.8}"
140,S0292,Fixture Stock 292,93,4.2,9080000000,8,200000,US.S0292,Unavailable,Unavailable,"{""pb"":0.8}"
141,S0293,Fixture Stock 293,94,4.3,9070000000,8,200000,US.S0293,Unavailable,Unavailable,"{""pb"":0.8}"
142,S0294,Fixture Stock 294,95,4.4,9060000000,8,200000,US.S0294,Unavailable,Unavailable,"{""pb"":0.8}"
143,S0295,Fixture Stock 295,96,4.5,9050000000,8,200000,US.S0295,Unavailable,Unavailable,"{""pb"":0.8}"
144,S0296,Fixture Stock 296,97,4.6,9040000000,8,200000,US.S0296,Unavailable,Unavailable,"{""pb"":0.8}"
145,S0297,Fixture Stock 297,98,4.7,9030000000,8,200000,US.S0297,Unavailable,Unavailable,"{""pb"":0.8}"
146,S0298,Fixture Stock 298,99,4.8,9020000000,8,200000,US.S0298,Unavailable,Unavailable,"{""pb"":0.8}"
147,S0299,Fixture Stock 299,100,4.9,9010000000,8,200000,US.S0299,Unavailable,Unavailable,"{""pb"":0.8}"
148,S0351,Fixture Stock 351,52,0.1,8490000000,8,200000,US.S0351,Unavailable,Unavailable,"{""pb"":0.8}"
149,S0352,Fixture Stock 352,53,0.2,8480000000,8,200000,US.S0352,Unavailable,Unavailable,"{""pb"":0.8}"
150,S0353,Fixture Stock 353,54,0.3,8470000000,8,200000,US.S0353,Unavailable,Unavailable,"{""pb"":0.8}"
151,S0354,Fixture Stock 354,55,0.4,8460000000,8,200000,US.S0354,Unavailable,Unavailable,"{""pb"":0.8}"
152,S0355,Fixture Stock 355,56,0.5,8450000000,8,200000,US.S0355,Unavailable,Unavailable,"{""pb"":0.8}"
153,S0356,Fixture Stock 356,57,0.6,8440000000,8,200000,US.S0356,Unavailable,Unavailable,"{""pb"":0.8}"
154,S0357,Fixture Stock 357,58,0.7,8430000000,8,200000,US.S0357,Unavailable,Unavailable,"{""pb"":0.8}"
155,S0358,Fixture Stock 358,59,0.8,8420000000,8,200000,US.S0358,Unavailable,Unavailable,"{""pb"":0.8}"
156,S0359,Fixture Stock 359,60,0.9,8410000000,8,200000,US.S0359,Unavailable,Unavailable,"{""pb"":0.8}"
157,S0360,Fixture Stock 360,61,1,8400000000,8,200000,US.S0360,Unavailable,Unavailable,"{""pb"":0.8}"
158,S0361,Fixture Stock 361,62,1.1,8390000000,8,200000,US.S0361,Unavailable,Unavailable,"{""pb"":0.8}"
159,S0362,Fixture Stock 362,63,1.2,8380000000,8,200000,US.S0362,Unavailable,Unavailable,"{""pb"":0.8}"
160,S0363,Fixture Stock 363,64,1.3,8370000000,8,200000,US.S0363,Unavailable,Unavailable,"{""pb"":0.8}"
161,S0364,Fixture Stock 364,65,1.4,8360000000,8,200000,US.S0364,Unavailable,Unavailable,"{""pb"":0.8}"
162,S0365,Fixture Stock 365,66,1.5,8350000000,8,200000,US.S0365,Unavailable,Unavailable,"{""pb"":0.8}"
163,S0366,Fixture Stock 366,67,1.6,8340000000,8,200000,US.S0366,Unavailable,Unavailable,"{""pb"":0.8}"
164,S0367,Fixture Stock 367,68,1.7,8330000000,8,200000,US.S0367,Unavailable,Unavailable,"{""pb"":0.8}"
165,S0368,Fixture Stock 368,69,1.8,8320000000,8,200000,US.S0368,Unavailable,Unavailable,"{""pb"":0.8}"
166,S0369,Fixture Stock 369,70,1.9,8310000000,8,200000,US.S0369,Unavailable,Unavailable,"{""pb"":0.8}"
167,S0370,Fixture Stock 370,71,2,8300000000,8,200000,US.S0370,Unavailable,Unavailable,"{""pb"":0.8}"
168,S0371,Fixture Stock 371,72,2.1,8290000000,8,200000,US.S0371,Unavailable,Unavailable,"{""pb"":0.8}"
169,S0372,Fixture Stock 372,73,2.2,8280000000,8,200000,US.S0372,Unavailable,Unavailable,"{""pb"":0.8}"
170,S0373,Fixture Stock 373,74,2.3,8270000000,8,200000,US.S0373,Unavailable,Unavailable,"{""pb"":0.8}"
171,S0374,Fixture Stock 374,75,2.4,8260000000,8,200000,US.S0374,Unavailable,Unavailable,"{""pb"":0.8}"
172,S0375,Fixture Stock 375,76,2.5,8250000000,8,200000,US.S0375,Unavailable,Unavailable,"{""pb"":0.8}"
173,S0376,Fixture Stock 376,77,2.6,8240000000,8,200000,US.S0376,Unavailable,Unavailable,"{""pb"":0.8}"
174,S0377,Fixture Stock 377,78,2.7,8230000000,8,200000,US.S0377,Unavailable,Unavailable,"{""pb"":0.8}"
175,S0378,Fixture Stock 378,79,2.8,8220000000,8,200000,US.S0378,Unavailable,Unavailable,"{""pb"":0.8}"
176,S0379,Fixture Stock 379,80,2.9,8210000000,8,200000,US.S0379,Unavailable,Unavailable,"{""pb"":0.8}"
177,S0380,Fixture Stock 380,81,3,8200000000,8,200000,US.S0380,Unavailable,Unavailable,"{""pb"":0.8}"
178,S0381,Fixture Stock 381,82,3.1,8190000000,8,200000,US.S0381,Unavailable,Unavailable,"{""pb"":0.8}"
179,S0382,Fixture Stock 382,83,3.2,8180000000,8,200000,US.S0382,Unavailable,Unavailable,"{""pb"":0.8}"
180,S0383,Fixture Stock 383,84,3.3,8170000000,8,200000,US.S0383,Unavailable,Unavailable,"{""pb"":0.8}"
181,S0384,Fixture Stock 384,85,3.4,8160000000,8,200000,US.S0384,Unavailable,Unavailable,"{""pb"":0.8}"
182,S0385,Fixture Stock 385,86,3.5,8150000000,8,200000,US.S0385,Unavailable,Unavailable,"{""pb"":0.8}"
183,S0386,Fixture Stock 386,87,3.6,8140000000,8,200000,US.S0386,Unavailable,Unavailable,"{""pb"":0.8}"
184,S0387,Fixture Stock 387,88,3.7,8130000000,8,200000,US.S0387,Unavailable,Unavailable,"{""pb"":0.8}"
185,S0388,Fixture Stock 388,89,3.8,8120000000,8,200000,US.S0388,Unavailable,Unavailable,"{""pb"":0.8}"
186,S0389,Fixture Stock 389,90,3.9,8110000000,8,200000,US.S0389,Unavailable,Unavailable,"{""pb"":0.8}"
187,S0390,Fixture Stock 390,91,4,8100000000,8,200000,US.S0390,Unavailable,Unavailable,"{""pb"":0.8}"
188,S0391,Fixture Stock 391,92,4.1,8090000000,8,200000,US.S0391,Unavailable,Unavailable,"{""pb"":0.8}"
189,S0392,Fixture Stock 392,93,4.2,8080000000,8,200000,US.S0392,Unavailable,Unavailable,"{""pb"":0.8}"
190,S0393,Fixture Stock 393,94,4.3,8070000000,8,200000,US.S0393,Unavailable,Unavailable,"{""pb"":0.8}"
191,S0394,Fixture Stock 394,95,4.4,8060000000,8,200000,US.S0394,Unavailable,Unavailable,"{""pb"":0.8}"
192,S0395,Fixture Stock 395,96,4.5,8050000000,8,200000,US.S0395,Unavailable,Unavailable,"{""pb"":0.8}"
193,S0396,Fixture Stock 396,97,4.6,8040000000,8,200000,US.S0396,Unavailable,Unavailable,"{""pb"":0.8}"
194,S0397,Fixture Stock 397,98,4.7,8030000000,8,200000,US.S0397,Unavailable,Unavailable,"{""pb"":0.8}"
195,S0398,Fixture Stock 398,99,4.8,8020000000,8,200000,US.S0398,Unavailable,Unavailable,"{""pb"":0.8}"
196,S0399,Fixture Stock 399,100,4.9,8010000000,8,200000,US.S0399,Unavailable,Unavailable,"{""pb"":0.8}"
197,S0451,Fixture Stock 451,52,0.1,7490000000,8,200000,US.S0451,Unavailable,Unavailable,"{""pb"":0.8}"
198,S0452,Fixture Stock 452,53,0.2,7480000000,8,200000,US.S0452,Unavailable,Unavailable,"{""pb"":0.8}"
199,S0453,Fixture Stock 453,54,0.3,7470000000,8,200000,US.S0453,Unavailable,Unavailable,"{""pb"":0.8}"
200,S0454,Fixture Stock 454,55,0.4,7460000000,8,200000,US.S0454,Unavailable,Unavailable,"{""pb"":0.8}"
201,S0455,Fixture Stock 455,56,0.5,7450000000,8,200000,US.S0455,Unavailable,Unavailable,"{""pb"":0.8}"
202,S0456,Fixture Stock 456,57,0.6,7440000000,8,200000,US.S0456,Unavailable,Unavailable,"{""pb"":0.8}"
203,S0457,Fixture Stock 457,58,0.7,7430000000,8,200000,US.S0457,Unavailable,Unavailable,"{""pb"":0.8}"
204,S0458,Fixture Stock 458,59,0.8,7420000000,8,200000,US.S0458,Unavailable,Unavailable,"{""pb"":0.8}"
205,S0459,Fixture Stock 459,60,0.9,7410000000,8,200000,US.S0459,Unavailable,Unavailable,"{""pb"":0.8}"
206,S0460,Fixture Stock 460,61,1,7400000000,8,200000,US.S0460,Unavailable,Unavailable,"{""pb"":0.8}"
207,S0461,Fixture Stock 461,62,1.1,7390000000,8,200000,US.S0461,Unavailable,Unavailable,"{""pb"":0.8}"
208,S0462,Fixture Stock 462,63,1.2,7380000000,8,200000,US.S0462,Unavailable,Unavailable,"{""pb"":0.8}"
209,S0463,Fixture Stock 463,64,1.3,7370000000,8,200000,US.S0463,Unavailable,Unavailable,"{""pb"":0.8}"
210,S0464,Fixture Stock 464,65,1.4,7360000000,8,200000,US.S0464,Unavailable,Unavailable,"{""pb"":0.8}"
211,S0465,Fixture Stock 465,66,1.5,7350000000,8,200000,US.S0465,Unavailable,Unavailable,"{""pb"":0.8}"
212,S0466,Fixture Stock 466,67,1.6,7340000000,8,200000,US.S0466,Unavailable,Unavailable,"{""pb"":0.8}"
213,S0467,Fixture Stock 467,68,1.7,7330000000,8,200000,US.S0467,Unavailable,Unavailable,"{""pb"":0.8}"
214,S0468,Fixture Stock 468,69,1.8,7320000000,8,200000,US.S0468,Unavailable,Unavailable,"{""pb"":0.8}"
215,S0469,Fixture Stock 469,70,1.9,7310000000,8,200000,US.S0469,Unavailable,Unavailable,"{""pb"":0.8}"
216,S0470,Fixture Stock 470,71,2,7300000000,8,200000,US.S0470,Unavailable,Unavailable,"{""pb"":0.8}"
217,S0471,Fixture Stock 471,72,2.1,7290000000,8,200000,US.S0471,Unavailable,Unavailable,"{""pb"":0.8}"
218,S0472,Fixture Stock 472,73,2.2,7280000000,8,200000,US.S0472,Unavailable,Unavailable,"{""pb"":0.8}"
219,S0473,Fixture Stock 473,74,2.3,7270000000,8,200000,US.S0473,Unavailable,Unavailable,"{""pb"":0.8}"
220,S0474,Fixture Stock 474,75,2.4,7260000000,8,200000,US.S0474,Unavailable,Unavailable,"{""pb"":0.8}"
221,S0475,Fixture Stock 475,76,2.5,7250000000,8,200000,US.S0475,Unavailable,Unavailable,"{""pb"":0.8}"
222,S0476,Fixture Stock 476,77,2.6,7240000000,8,200000,US.S0476,Unavailable,Unavailable,"{""pb"":0.8}"
223,S0477,Fixture Stock 477,78,2.7,7230000000,8,200000,US.S0477,Unavailable,Unavailable,"{""pb"":0.8}"
224,S0478,Fixture Stock 478,79,2.8,7220000000,8,200000,US.S0478,Unavailable,Unavailable,"{""pb"":0.8}"
225,S0479,Fixture Stock 479,80,2.9,7210000000,8,200000,US.S0479,Unavailable,Unavailable,"{""pb"":0.8}"
226,S0480,Fixture Stock 480,81,3,7200000000,8,200000,US.S0480,Unavailable,Unavailable,"{""pb"":0.8}"
227,S0481,Fixture Stock 481,82,3.1,7190000000,8,200000,US.S0481,Unavailable,Unavailable,"{""pb"":0.8}"
228,S0482,Fixture Stock 482,83,3.2,7180000000,8,200000,US.S0482,Unavailable,Unavailable,"{""pb"":0.8}"
229,S0483,Fixture Stock 483,84,3.3,7170000000,8,200000,US.S0483,Unavailable,Unavailable,"{""pb"":0.8}"
230,S0484,Fixture Stock 484,85,3.4,7160000000,8,200000,US.S0484,Unavailable,Unavailable,"{""pb"":0.8}"
231,S0485,Fixture Stock 485,86,3.5,7150000000,8,200000,US.S0485,Unavailable,Unavailable,"{""pb"":0.8}"
232,S0486,Fixture Stock 486,87,3.6,7140000000,8,200000,US.S0486,Unavailable,Unavailable,"{""pb"":0.8}"
233,S0487,Fixture Stock 487,88,3.7,7130000000,8,200000,US.S0487,Unavailable,Unavailable,"{""pb"":0.8}"
234,S0488,Fixture Stock 488,89,3.8,7120000000,8,200000,US.S0488,Unavailable,Unavailable,"{""pb"":0.8}"
235,S0489,Fixture Stock 489,90,3.9,7110000000,8,200000,US.S0489,Unavailable,Unavailable,"{""pb"":0.8}"
236,S0490,Fixture Stock 490,91,4,7100000000,8,200000,US.S0490,Unavailable,Unavailable,"{""pb"":0.8}"
237,S0491,Fixture Stock 491,92,4.1,7090000000,8,200000,US.S0491,Unavailable,Unavailable,"{""pb"":0.8}"
238,S0492,Fixture Stock 492,93,4.2,7080000000,8,200000,US.S0492,Unavailable,Unavailable,"{""pb"":0.8}"
239,S0493,Fixture Stock 493,94,4.3,7070000000,8,200000,US.S0493,Unavailable,Unavailable,"{""pb"":0.8}"
240,S0494,Fixture Stock 494,95,4.4,7060000000,8,200000,US.S0494,Unavailable,Unavailable,"{""pb"":0.8}"
241,S0495,Fixture Stock 495,96,4.5,7050000000,8,200000,US.S0495,Unavailable,Unavailable,"{""pb"":0.8}"
242,S0496,Fixture Stock 496,97,4.6,7040000000,8,200000,US.S0496,Unavailable,Unavailable,"{""pb"":0.8}"
243,S0497,Fixture Stock 497,98,4.7,7030000000,8,200000,US.S0497,Unavailable,Unavailable,"{""pb"":0.8}"
244,S0498,Fixture Stock 498,99,4.8,7020000000,8,200000,US.S0498,Unavailable,Unavailable,"{""pb"":0.8}"
245,S0499,Fixture Stock 499,100,4.9,7010000000,8,200000,US.S0499,Unavailable,Unavailable,"{""pb"":0.8}"
246,S0551,Fixture Stock 551,52,0.1,6490000000,8,200000,US.S0551,Unavailable,Unavailable,"{""pb"":0.8}"
247,S0552,Fixture Stock 552,53,0.2,6480000000,8,200000,US.S0552,Unavailable,Unavailable,"{""pb"":0.8}"
248,S0553,Fixture Stock 553,54,0.3,6470000000,8,200000,US.S0553,Unavailable,Unavailable,"{""pb"":0.8}"
249,S0554,Fixture Stock 554,55,0.4,6460000000,8,200000,US.S0554,Unavailable,Unavailable,"{""pb"":0.8}"
250,S0555,Fixture Stock 555,56,0.5,6450000000,8,200000,US.S0555,Unavailable,Unavailable,"{""pb"":0.8}"
251,S0556,Fixture Stock 556,57,0.6,6440000000,8,200000,US.S0556,Unavailable,Unavailable,"{""pb"":0.8}"
252,S0557,Fixture Stock 557,58,0.7,6430000000,8,200000,US.S0557,Unavailable,Unavailable,"{""pb"":0.8}"
253,S0558,Fixture Stock 558,59,0.8,6420000000,8,200000,US.S0558,Unavailable,Unavailable,"{""pb"":0.8}"
254,S0559,Fixture Stock 559,60,0.9,6410000000,8,200000,US.S0559,Unavailable,Unavailable,"{""pb"":0.8}"
255,S0560,Fixture Stock 560,61,1,6400000000,8,200000,US.S0560,Unavailable,Unavailable,"{""pb"":0.8}"
256,S0561,Fixture Stock 561,62,1.1,6390000000,8,200000,US.S0561,Unavailable,Unavailable,"{""pb"":0.8}"
257,S0562,Fixture Stock 562,63,1.2,6380000000,8,200000,US.S0562,Unavailable,Unavailable,"{""pb"":0.8}"
258,S0563,Fixture Stock 563,64,1.3,6370000000,8,200000,US.S0563,Unavailable,Unavailable,"{""pb"":0.8}"
259,S0564,Fixture Stock 564,65,1.4,6360000000,8,200000,US.S0564,Unavailable,Unavailable,"{""pb"":0.8}"
260,S0565,Fixture Stock 565,66,1.5,6350000000,8,200000,US.S0565,Unavailable,Unavailable,"{""pb"":0.8}"
261,S0566,Fixture Stock 566,67,1.6,6340000000,8,200000,US.S0566,Unavailable,Unavailable,"{""pb"":0.8}"
262,S0567,Fixture Stock 567,68,1.7,6330000000,8,200000,US.S0567,Unavailable,Unavailable,"{""pb"":0.8}"
263,S0568,Fixture Stock 568,69,1.8,6320000000,8,200000,US.S0568,Unavailable,Unavailable,"{""pb"":0.8}"
264,S0569,Fixture Stock 569,70,1.9,6310000000,8,200000,US.S0569,Unavailable,Unavailable,"{""pb"":0.8}"
265,S0570,Fixture Stock 570,71,2,6300000000,8,200000,US.S0570,Unavailable,Unavailable,"{""pb"":0.8}"
266,S0571,Fixture Stock 571,72,2.1,6290000000,8,200000,US.S0571,Unavailable,Unavailable,"{""pb"":0.8}"
267,S0572,Fixture Stock 572,73,2.2,6280000000,8,200000,US.S0572,Unavailable,Unavailable,"{""pb"":0.8}"
268,S0573,Fixture Stock 573,74,2.3,6270000000,8,200000,US.S0573,Unavailable,Unavailable,"{""pb"":0.8}"
269,S0574,Fixture Stock 574,75,2.4,6260000000,8,200000,US.S0574,Unavailable,Unavailable,"{""pb"":0.8}"
270,S0575,Fixture Stock 575,76,2.5,6250000000,8,200000,US.S0575,Unavailable,Unavailable,"{""pb"":0.8}"
271,S0576,Fixture Stock 576,77,2.6,6240000000,8,200000,US.S0576,Unavailable,Unavailable,"{""pb"":0.8}"
272,S0577,Fixture Stock 577,78,2.7,6230000000,8,200000,US.S0577,Unavailable,Unavailable,"{""pb"":0.8}"
273,S0578,Fixture Stock 578,79,2.8,6220000000,8,200000,US.S0578,Unavailable,Unavailable,"{""pb"":0.8}"
274,S0579,Fixture Stock 579,80,2.9,6210000000,8,200000,US.S0579,Unavailable,Unavailable,"{""pb"":0.8}"
275,S0580,Fixture Stock 580,81,3,6200000000,8,200000,US.S0580,Unavailable,Unavailable,"{""pb"":0.8}"
276,S0581,Fixture Stock 581,82,3.1,6190000000,8,200000,US.S0581,Unavailable,Unavailable,"{""pb"":0.8}"
277,S0582,Fixture Stock 582,83,3.2,6180000000,8,200000,US.S0582,Unavailable,Unavailable,"{""pb"":0.8}"
278,S0583,Fixture Stock 583,84,3.3,6170000000,8,200000,US.S0583,Unavailable,Unavailable,"{""pb"":0.8}"
279,S0584,Fixture Stock 584,85,3.4,6160000000,8,200000,US.S0584,Unavailable,Unavailable,"{""pb"":0.8}"
280,S0585,Fixture Stock 585,86,3.5,6150000000,8,200000,US.S0585,Unavailable,Unavailable,"{""pb"":0.8}"
281,S0586,Fixture Stock 586,87,3.6,6140000000,8,200000,US.S0586,Unavailable,Unavailable,"{""pb"":0.8}"
282,S0587,Fixture Stock 587,88,3.7,6130000000,8,200000,US.S0587,Unavailable,Unavailable,"{""pb"":0.8}"
283,S0588,Fixture Stock 588,89,3.8,6120000000,8,200000,US.S0588,Unavailable,Unavailable,"{""pb"":0.8}"
284,S0589,Fixture Stock 589,90,3.9,6110000000,8,200000,US.S0589,Unavailable,Unavailable,"{""pb"":0.8}"
285,S0590,Fixture Stock 590,91,4,6100000000,8,200000,US.S0590,Unavailable,Unavailable,"{""pb"":0.8}"
286,S0591,Fixture Stock 591,92,4.1,6090000000,8,200000,US.S0591,Unavailable,Unavailable,"{""pb"":0.8}"
287,S0592,Fixture Stock 592,93,4.2,6080000000,8,200000,US.S0592,Unavailable,Unavailable,"{""pb"":0.8}"
288,S0593,Fixture Stock 593,94,4.3,6070000000,8,200000,US.S0593,Unavailable,Unavailable,"{""pb"":0.8}"
289,S0594,Fixture Stock 594,95,4.4,6060000000,8,200000,US.S0594,Unavailable,Unavailable,"{""pb"":0.8}"
290,S0595,Fixture Stock 595,96,4.5,6050000000,8,200000,US.S0595,Unavailable,Unavailable,"{""pb"":0.8}"
291,S0596,Fixture Stock 596,97,4.6,6040000000,8,200000,US.S0596,Unavailable,Unavailable,"{""pb"":0.8}"
292,S0597,Fixture Stock 597,98,4.7,6030000000,8,200000,US.S0597,Unavailable,Unavailable,"{""pb"":0.8}"
293,S0598,Fixture Stock 598,99,4.8,6020000000,8,200000,US.S0598,Unavailable,Unavailable,"{""pb"":0.8}"
294,S0599,Fixture Stock 599,100,4.9,6010000000,8,200000,US.S0599,Unavailable,Unavailable,"{""pb"":0.8}"
295,S0651,Fixture Stock 651,52,0.1,5490000000,8,200000,US.S0651,Unavailable,Unavailable,"{""pb"":0.8}"
296,S0652,Fixture Stock 652,53,0.2,5480000000,8,200000,US.S0652,Unavailable,Unavailable,"{""pb"":0.8}"
297,S0653,Fixture Stock 653,54,0.3,5470000000,8,200000,US.S0653,Unavailable,Unavailable,"{""pb"":0.8}"
298,S0654,Fixture Stock 654,55,0.4,5460000000,8,200000,US.S0654,Unavailable,Unavailable,"{""pb"":0.8}"
299,S0655,Fixture Stock 655,56,0.5,5450000000,8,200000,US.S0655,Unavailable,Unavailable,"{""pb"":0.8}"
300,S0656,Fixture Stock 656,57,0.6,5440000000,8,200000,US.S0656,Unavailable,Unavailable,"{""pb"":0.8}"
301,S0657,Fixture Stock 657,58,0.7,5430000000,8,200000,US.S0657,Unavailable,Unavailable,"{""pb"":0.8}"
302,S0658,Fixture Stock 658,59,0.8,5420000000,8,200000,US.S0658,Unavailable,Unavailable,"{""pb"":0.8}"
303,S0659,Fixture Stock 659,60,0.9,5410000000,8,200000,US.S0659,Unavailable,Unavailable,"{""pb"":0.8}"
304,S0660,Fixture Stock 660,61,1,5400000000,8,200000,US.S0660,Unavailable,Unavailable,"{""pb"":0.8}"
305,S0661,Fixture Stock 661,62,1.1,5390000000,8,200000,US.S0661,Unavailable,Unavailable,"{""pb"":0.8}"
306,S0662,Fixture Stock 662,63,1.2,5380000000,8,200000,US.S0662,Unavailable,Unavailable,"{""pb"":0.8}"
307,S0663,Fixture Stock 663,64,1.3,5370000000,8,200000,US.S0663,Unavailable,Unavailable,"{""pb"":0.8}"
308,S0664,Fixture Stock 664,65,1.4,5360000000,8,200000,US.S0664,Unavailable,Unavailable,"{""pb"":0.8}"
309,S0665,Fixture Stock 665,66,1.5,5350000000,8,200000,US.S0665,Unavailable,Unavailable,"{""pb"":0.8}"
310,S0666,Fixture Stock 666,67,1.6,5340000000,8,200000,US.S0666,Unavailable,Unavailable,"{""pb"":0.8}"
311,S0667,Fixture Stock 667,68,1.7,5330000000,8,200000,US.S0667,Unavailable,Unavailable,"{""pb"":0.8}"
312,S0668,Fixture Stock 668,69,1.8,5320000000,8,200000,US.S0668,Unavailable,Unavailable,"{""pb"":0.8}"
313,S0669,Fixture Stock 669,70,1.9,5310000000,8,200000,US.S0669,Unavailable,Unavailable,"{""pb"":0.8}"
314,S0670,Fixture Stock 670,71,2,5300000000,8,200000,US.S0670,Unavailable,Unavailable,"{""pb"":0.8}"
315,S0671,Fixture Stock 671,72,2.1,5290000000,8,200000,US.S0671,Unavailable,Unavailable,"{""pb"":0.8}"
316,S0672,Fixture Stock 672,73,2.2,5280000000,8,200000,US.S0672,Unavailable,Unavailable,"{""pb"":0.8}"
317,S0673,Fixture Stock 673,74,2.3,5270000000,8,200000,US.S0673,Unavailable,Unavailable,"{""pb"":0.8}"
318,S0674,Fixture Stock 674,75,2.4,5260000000,8,200000,US.S0674,Unavailable,Unavailable,"{""pb"":0.8}"
319,S0675,Fixture Stock 675,76,2.5,5250000000,8,200000,US.S0675,Unavailable,Unavailable,"{""pb"":0.8}"
320,S0676,Fixture Stock 676,77,2.6,5240000000,8,200000,US.S0676,Unavailable,Unavailable,"{""pb"":0.8}"
321,S0677,Fixture Stock 677,78,2.7,5230000000,8,200000,US.S0677,Unavailable,Unavailable,"{""pb"":0.8}"
322,S0678,Fixture Stock 678,79,2.8,5220000000,8,200000,US.S0678,Unavailable,Unavailable,"{""pb"":0.8}"
323,S0679,Fixture Stock 679,80,2.9,5210000000,8,200000,US.S0679,Unavailable,Unavailable,"{""pb"":0.8}"
324,S0680,Fixture Stock 680,81,3,5200000000,8,200000,US.S0680,Unavailable,Unavailable,"{""pb"":0.8}"
325,S0681,Fixture Stock 681,82,3.1,5190000000,8,200000,US.S0681,Unavailable,Unavailable,"{""pb"":0.8}"
326,S0682,Fixture Stock 682,83,3.2,5180000000,8,200000,US.S0682,Unavailable,Unavailable,"{""pb"":0.8}"
327,S0683,Fixture Stock 683,84,3.3,5170000000,8,200000,US.S0683,Unavailable,Unavailable,"{""pb"":0.8}"
328,S0684,Fixture Stock 684,85,3.4,5160000000,8,200000,US.S0684,Unavailable,Unavailable,"{""pb"":0.8}"
329,S0685,Fixture Stock 685,86,3.5,5150000000,8,200000,US.S0685,Unavailable,Unavailable,"{""pb"":0.8}"
330,S0686,Fixture Stock 686,87,3.6,5140000000,8,200000,US.S0686,Unavailable,Unavailable,"{""pb"":0.8}"
331,S0687,Fixture Stock 687,88,3.7,5130000000,8,200000,US.S0687,Unavailable,Unavailable,"{""pb"":0.8}"
332,S0688,Fixture Stock 688,89,3.8,5120000000,8,200000,US.S0688,Unavailable,Unavailable,"{""pb"":0.8}"
333,S0689,Fixture Stock 689,90,3.9,5110000000,8,200000,US.S0689,Unavailable,Unavailable,"{""pb"":0.8}"
334,S0690,Fixture Stock 690,91,4,5100000000,8,200000,US.S0690,Unavailable,Unavailable,"{""pb"":0.8}"
335,S0691,Fixture Stock 691,92,4.1,5090000000,8,200000,US.S0691,Unavailable,Unavailable,"{""pb"":0.8}"
336,S0692,Fixture Stock 692,93,4.2,5080000000,8,200000,US.S0692,Unavailable,Unavailable,"{""pb"":0.8}"
337,S0693,Fixture Stock 693,94,4.3,5070000000,8,200000,US.S0693,Unavailable,Unavailable,"{""pb"":0.8}"
338,S0694,Fixture Stock 694,95,4.4,5060000000,8,200000,US.S0694,Unavailable,Unavailable,"{""pb"":0.8}"
339,S0695,Fixture Stock 695,96,4.5,5050000000,8,200000,US.S0695,Unavailable,Unavailable,"{""pb"":0.8}"
340,S0696,Fixture Stock 696,97,4.6,5040000000,8,200000,US.S0696,Unavailable,Unavailable,"{""pb"":0.8}"
341,S0697,Fixture Stock 697,98,4.7,5030000000,8,200000,US.S0697,Unavailable,Unavailable,"{""pb"":0.8}"
342,S0698,Fixture Stock 698,99,4.8,5020000000,8,200000,US.S0698,Unavailable,Unavailable,"{""pb"":0.8}"
343,S0699,Fixture Stock 699,100,4.9,5010000000,8,200000,US.S0699,Unavailable,Unavailable,"{""pb"":0.8}"
344,S0751,Fixture Stock 751,52,0.1,4490000000,8,200000,US.S0751,Unavailable,Unavailable,"{""pb"":0.8}"
345,S0752,Fixture Stock 752,53,0.2,4480000000,8,200000,US.S0752,Unavailable,Unavailable,"{""pb"":0.8}"
346,S0753,Fixture Stock 753,54,0.3,4470000000,8,200000,US.S0753,Unavailable,Unavailable,"{""pb"":0.8}"
347,S0754,Fixture Stock 754,55,0.4,4460000000,8,200000,US.S0754,Unavailable,Unavailable,"{""pb"":0.8}"
348,S0755,Fixture Stock 755,56,0.5,4450000000,8,200000,US.S0755,Unavailable,Unavailable,"{""pb"":0.8}"
349,S0756,Fixture Stock 756,57,0.6,4440000000,8,200000,US.S0756,Unavailable,Unavailable,"{""pb"":0.8}"
350,S0757,Fixture Stock 757,58,0.7,4430000000,8,200000,US.S0757,Unavailable,Unavailable,"{""pb"":0.8}"
351,S0758,Fixture Stock 758,59,0.8,4420000000,8,200000,US.S0758,Unavailable,Unavailable,"{""pb"":0.8}"
352,S0759,Fixture Stock 759,60,0.9,4410000000,8,200000,US.S0759,Unavailable,Unavailable,"{""pb"":0.8}"
353,S0760,Fixture Stock 760,61,1,4400000000,8,200000,US.S0760,Unavailable,Unavailable,"{""pb"":0.8}"
354,S0761,Fixture Stock 761,62,1.1,4390000000,8,200000,US.S0761,Unavailable,Unavailable,"{""pb"":0.8}"
355,S0762,Fixture Stock 762,63,1.2,4380000000,8,200000,US.S0762,Unavailable,Unavailable,"{""pb"":0.8}"
356,S0763,Fixture Stock 763,64,1.3,4370000000,8,200000,US.S0763,Unavailable,Unavailable,"{""pb"":0.8}"
357,S0764,Fixture Stock 764,65,1.4,4360000000,8,200000,US.S0764,Unavailable,Unavailable,"{""pb"":0.8}"
358,S0765,Fixture Stock 765,66,1.5,4350000000,8,200000,US.S0765,Unavailable,Unavailable,"{""pb"":0.8}"
359,S0766,Fixture Stock 766,67,1.6,4340000000,8,200000,US.S0766,Unavailable,Unavailable,"{""pb"":0.8}"
360,S0767,Fixture Stock 767,68,1.7,4330000000,8,200000,US.S0767,Unavailable,Unavailable,"{""pb"":0.8}"
361,S0768,Fixture Stock 768,69,1.8,4320000000,8,200000,US.S0768,Unavailable,Unavailable,"{""pb"":0.8}"
362,S0769,Fixture Stock 769,70,1.9,4310000000,8,200000,US.S0769,Unavailable,Unavailable,"{""pb"":0.8}"
363,S0770,Fixture Stock 770,71,2,4300000000,8,200000,US.S0770,Unavailable,Unavailable,"{""pb"":0.8}"
364,S0771,Fixture Stock 771,72,2.1,4290000000,8,200000,US.S0771,Unavailable,Unavailable,"{""pb"":0.8}"
365,S0772,Fixture Stock 772,73,2.2,4280000000,8,200000,US.S0772,Unavailable,Unavailable,"{""pb"":0.8}"
366,S0773,Fixture Stock 773,74,2.3,4270000000,8,200000,US.S0773,Unavailable,Unavailable,"{""pb"":0.8}"
367,S0774,Fixture Stock 774,75,2.4,4260000000,8,200000,US.S0774,Unavailable,Unavailable,"{""pb"":0.8}"
368,S0775,Fixture Stock 775,76,2.5,4250000000,8,200000,US.S0775,Unavailable,Unavailable,"{""pb"":0.8}"
369,S0776,Fixture Stock 776,77,2.6,4240000000,8,200000,US.S0776,Unavailable,Unavailable,"{""pb"":0.8}"
370,S0777,Fixture Stock 777,78,2.7,4230000000,8,200000,US.S0777,Unavailable,Unavailable,"{""pb"":0.8}"
371,S0778,Fixture Stock 778,79,2.8,4220000000,8,200000,US.S0778,Unavailable,Unavailable,"{""pb"":0.8}"
372,S0779,Fixture Stock 779,80,2.9,4210000000,8,200000,US.S0779,Unavailable,Unavailable,"{""pb"":0.8}"
373,S0780,Fixture Stock 780,81,3,4200000000,8,200000,US.S0780,Unavailable,Unavailable,"{""pb"":0.8}"
374,S0781,Fixture Stock 781,82,3.1,4190000000,8,200000,US.S0781,Unavailable,Unavailable,"{""pb"":0.8}"
375,S0782,Fixture Stock 782,83,3.2,4180000000,8,200000,US.S0782,Unavailable,Unavailable,"{""pb"":0.8}"
376,S0783,Fixture Stock 783,84,3.3,4170000000,8,200000,US.S0783,Unavailable,Unavailable,"{""pb"":0.8}"
377,S0784,Fixture Stock 784,85,3.4,4160000000,8,200000,US.S0784,Unavailable,Unavailable,"{""pb"":0.8}"
378,S0785,Fixture Stock 785,86,3.5,4150000000,8,200000,US.S0785,Unavailable,Unavailable,"{""pb"":0.8}"
379,S0786,Fixture Stock 786,87,3.6,4140000000,8,200000,US.S0786,Unavailable,Unavailable,"{""pb"":0.8}"
380,S0787,Fixture Stock 787,88,3.7,4130000000,8,200000,US.S0787,Unavailable,Unavailable,"{""pb"":0.8}"
381,S0788,Fixture Stock 788,89,3.8,4120000000,8,200000,US.S0788,Unavailable,Unavailable,"{""pb"":0.8}"
382,S0789,Fixture Stock 789,90,3.9,4110000000,8,200000,US.S0789,Unavailable,Unavailable,"{""pb"":0.8}"
383,S0790,Fixture Stock 790,91,4,4100000000,8,200000,US.S0790,Unavailable,Unavailable,"{""pb"":0.8}"
384,S0791,Fixture Stock 791,92,4.1,4090000000,8,200000,US.S0791,Unavailable,Unavailable,"{""pb"":0.8}"
385,S0792,Fixture Stock 792,93,4.2,4080000000,8,200000,US.S0792,Unavailable,Unavailable,"{""pb"":0.8}"
386,S0793,Fixture Stock 793,94,4.3,4070000000,8,200000,US.S0793,Unavailable,Unavailable,"{""pb"":0.8}"
387,S0794,Fixture Stock 794,95,4.4,4060000000,8,200000,US.S0794,Unavailable,Unavailable,"{""pb"":0.8}"
388,S0795,Fixture Stock 795,96,4.5,4050000000,8,200000,US.S0795,Unavailable,Unavailable,"{""pb"":0.8}"
389,S0796,Fixture Stock 796,97,4.6,4040000000,8,200000,US.S0796,Unavailable,Unavailable,"{""pb"":0.8}"
390,S0797,Fixture Stock 797,98,4.7,4030000000,8,200000,US.S0797,Unavailable,Unavailable,"{""pb"":0.8}"
391,S0798,Fixture Stock 798,99,4.8,4020000000,8,200000,US.S0798,Unavailable,Unavailable,"{""pb"":0.8}"
392,S0799,Fixture Stock 799,100,4.9,4010000000,8,200000,US.S0799,Unavailable,Unavailable,"{""pb"":0.8}"
393,S0851,Fixture Stock 851,52,0.1,3490000000,8,200000,US.S0851,Unavailable,Unavailable,"{""pb"":0.8}"
394,S0852,Fixture Stock 852,53,0.2,3480000000,8,200000,US.S0852,Unavailable,Unavailable,"{""pb"":0.8}"
395,S0853,Fixture Stock 853,54,0.3,3470000000,8,200000,US.S0853,Unavailable,Unavailable,"{""pb"":0.8}"
396,S0854,Fixture Stock 854,55,0.4,3460000000,8,200000,US.S0854,Unavailable,Unavailable,"{""pb"":0.8}"
397,S0855,Fixture Stock 855,56,0.5,3450000000,8,200000,US.S0855,Unavailable,Unavailable,"{""pb"":0.8}"
398,S0856,Fixture Stock 856,57,0.6,3440000000,8,200000,US.S0856,Unavailable,Unavailable,"{""pb"":0.8}"
399,S0857,Fixture Stock 857,58,0.7,3430000000,8,200000,US.S0857,Unavailable,Unavailable,"{""pb"":0.8}"
400,S0858,Fixture Stock 858,59,0.8,3420000000,8,200000,US.S0858,Unavailable,Unavailable,"{""pb"":0.8}"
401,S0859,Fixture Stock 859,60,0.9,3410000000,8,200000,US.S0859,Unavailable,Unavailable,"{""pb"":0.8}"
402,S0860,Fixture Stock 860,61,1,3400000000,8,200000,US.S0860,Unavailable,Unavailable,"{""pb"":0.8}"
403,S0861,Fixture Stock 861,62,1.1,3390000000,8,200000,US.S0861,Unavailable,Unavailable,"{""pb"":0.8}"
404,S0862,Fixture Stock 862,63,1.2,3380000000,8,200000,US.S0862,Unavailable,Unavailable,"{""pb"":0.8}"
405,S0863,Fixture Stock 863,64,1.3,3370000000,8,200000,US.S0863,Unavailable,Unavailable,"{""pb"":0.8}"
406,S0864,Fixture Stock 864,65,1.4,3360000000,8,200000,US.S0864,Unavailable,Unavailable,"{""pb"":0.8}"
407,S0865,Fixture Stock 865,66,1.5,3350000000,8,200000,US.S0865,Unavailable,Unavailable,"{""pb"":0.8}"
408,S0866,Fixture Stock 866,67,1.6,3340000000,8,200000,US.S0866,Unavailable,Unavailable,"{""pb"":0.8}"
409,S0867,Fixture Stock 867,68,1.7,3330000000,8,200000,US.S0867,Unavailable,Unavailable,"{""pb"":0.8}"
410,S0868,Fixture Stock 868,69,1.8,3320000000,8,200000,US.S0868,Unavailable,Unavailable,"{""pb"":0.8}"
411,S0869,Fixture Stock 869,70,1.9,3310000000,8,200000,US.S0869,Unavailable,Unavailable,"{""pb"":0.8}"
412,S0870,Fixture Stock 870,71,2,3300000000,8,200000,US.S0870,Unavailable,Unavailable,"{""pb"":0.8}"
413,S0871,Fixture Stock 871,72,2.1,3290000000,8,200000,US.S0871,Unavailable,Unavailable,"{""pb"":0.8}"
414,S0872,Fixture Stock 872,73,2.2,3280000000,8,200000,US.S0872,Unavailable,Unavailable,"{""pb"":0.8}"
415,S0873,Fixture Stock 873,74,2.3,3270000000,8,200000,US.S0873,Unavailable,Unavailable,"{""pb"":0.8}"
416,S0874,Fixture Stock 874,75,2.4,3260000000,8,200000,US.S0874,Unavailable,Unavailable,"{""pb"":0.8}"
417,S0875,Fixture Stock 875,76,2.5,3250000000,8,200000,US.S0875,Unavailable,Unavailable,"{""pb"":0.8}"
418,S0876,Fixture Stock 876,77,2.6,3240000000,8,200000,US.S0876,Unavailable,Unavailable,"{""pb"":0.8}"
419,S0877,Fixture Stock 877,78,2.7,3230000000,8,200000,US.S0877,Unavailable,Unavailable,"{""pb"":0.8}"
420,S0878,Fixture Stock 878,79,2.8,3220000000,8,200000,US.S0878,Unavailable,Unavailable,"{""pb"":0.8}"
421,S0879,Fixture Stock 879,80,2.9,3210000000,8,200000,US.S0879,Unavailable,Unavailable,"{""pb"":0.8}"
422,S0880,Fixture Stock 880,81,3,3200000000,8,200000,US.S0880,Unavailable,Unavailable,"{""pb"":0.8}"
423,S0881,Fixture Stock 881,82,3.1,3190000000,8,200000,US.S0881,Unavailable,Unavailable,"{""pb"":0.8}"
424,S0882,Fixture Stock 882,83,3.2,3180000000,8,200000,US.S0882,Unavailable,Unavailable,"{""pb"":0.8}"
425,S0883,Fixture Stock 883,84,3.3,3170000000,8,200000,US.S0883,Unavailable,Unavailable,"{""pb"":0.8}"
426,S0884,Fixture Stock 884,85,3.4,3160000000,8,200000,US.S0884,Unavailable,Unavailable,"{""pb"":0.8}"
427,S0885,Fixture Stock 885,86,3.5,3150000000,8,200000,US.S0885,Unavailable,Unavailable,"{""pb"":0.8}"
428,S0886,Fixture Stock 886,87,3.6,3140000000,8,200000,US.S0886,Unavailable,Unavailable,"{""pb"":0.8}"
429,S0887,Fixture Stock 887,88,3.7,3130000000,8,200000,US.S0887,Unavailable,Unavailable,"{""pb"":0.8}"
430,S0888,Fixture Stock 888,89,3.8,3120000000,8,200000,US.S0888,Unavailable,Unavailable,"{""pb"":0.8}"
431,S0889,Fixture Stock 889,90,3.9,3110000000,8,200000,US.S0889,Unavailable,Unavailable,"{""pb"":0.8}"
432,S0890,Fixture Stock 890,91,4,3100000000,8,200000,US.S0890,Unavailable,Unavailable,"{""pb"":0.8}"
433,S0891,Fixture Stock 891,92,4.1,3090000000,8,200000,US.S0891,Unavailable,Unavailable,"{""pb"":0.8}"
434,S0892,Fixture Stock 892,93,4.2,3080000000,8,200000,US.S0892,Unavailable,Unavailable,"{""pb"":0.8}"
435,S0893,Fixture Stock 893,94,4.3,3070000000,8,200000,US.S0893,Unavailable,Unavailable,"{""pb"":0.8}"
436,S0894,Fixture Stock 894,95,4.4,3060000000,8,200000,US.S0894,Unavailable,Unavailable,"{""pb"":0.8}"
437,S0895,Fixture Stock 895,96,4.5,3050000000,8,200000,US.S0895,Unavailable,Unavailable,"{""pb"":0.8}"
438,S0896,Fixture Stock 896,97,4.6,3040000000,8,200000,US.S0896,Unavailable,Unavailable,"{""pb"":0.8}"
439,S0897,Fixture Stock 897,98,4.7,3030000000,8,200000,US.S0897,Unavailable,Unavailable,"{""pb"":0.8}"
440,S0898,Fixture Stock 898,99,4.8,3020000000,8,200000,US.S0898,Unavailable,Unavailable,"{""pb"":0.8}"
441,S0899,Fixture Stock 899,100,4.9,3010000000,8,200000,US.S0899,Unavailable,Unavailable,"{""pb"":0.8}"
442,S0951,Fixture Stock 951,52,0.1,2490000000,8,200000,US.S0951,Unavailable,Unavailable,"{""pb"":0.8}"
443,S0952,Fixture Stock 952,53,0.2,2480000000,8,200000,US.S0952,Unavailable,Unavailable,"{""pb"":0.8}"
444,S0953,Fixture Stock 953,54,0.3,2470000000,8,200000,US.S0953,Unavailable,Unavailable,"{""pb"":0.8}"
445,S0954,Fixture Stock 954,55,0.4,2460000000,8,200000,US.S0954,Unavailable,Unavailable,"{""pb"":0.8}"
446,S0955,Fixture Stock 955,56,0.5,2450000000,8,200000,US.S0955,Unavailable,Unavailable,"{""pb"":0.8}"
447,S0956,Fixture Stock 956,57,0.6,2440000000,8,200000,US.S0956,Unavailable,Unavailable,"{""pb"":0.8}"
448,S0957,Fixture Stock 957,58,0.7,2430000000,8,200000,US.S0957,Unavailable,Unavailable,"{""pb"":0.8}"
449,S0958,Fixture Stock 958,59,0.8,2420000000,8,200000,US.S0958,Unavailable,Unavailable,"{""pb"":0.8}"
450,S0959,Fixture Stock 959,60,0.9,2410000000,8,200000,US.S0959,Unavailable,Unavailable,"{""pb"":0.8}"
451,S0960,Fixture Stock 960,61,1,2400000000,8,200000,US.S0960,Unavailable,Unavailable,"{""pb"":0.8}"
452,S0961,Fixture Stock 961,62,1.1,2390000000,8,200000,US.S0961,Unavailable,Unavailable,"{""pb"":0.8}"
453,S0962,Fixture Stock 962,63,1.2,2380000000,8,200000,US.S0962,Unavailable,Unavailable,"{""pb"":0.8}"
454,S0963,Fixture Stock 963,64,1.3,2370000000,8,200000,US.S0963,Unavailable,Unavailable,"{""pb"":0.8}"
455,S0964,Fixture Stock 964,65,1.4,2360000000,8,200000,US.S0964,Unavailable,Unavailable,"{""pb"":0.8}"
456,S0965,Fixture Stock 965,66,1.5,2350000000,8,200000,US.S0965,Unavailable,Unavailable,"{""pb"":0.8}"
457,S0966,Fixture Stock 966,67,1.6,2340000000,8,200000,US.S0966,Unavailable,Unavailable,"{""pb"":0.8}"
458,S0967,Fixture Stock 967,68,1.7,2330000000,8,200000,US.S0967,Unavailable,Unavailable,"{""pb"":0.8}"
459,S0968,Fixture Stock 968,69,1.8,2320000000,8,200000,US.S0968,Unavailable,Unavailable,"{""pb"":0.8}"
460,S0969,Fixture Stock 969,70,1.9,2310000000,8,200000,US.S0969,Unavailable,Unavailable,"{""pb"":0.8}"
461,S0970,Fixture Stock 970,71,2,2300000000,8,200000,US.S0970,Unavailable,Unavailable,"{""pb"":0.8}"
462,S0971,Fixture Stock 971,72,2.1,2290000000,8,200000,US.S0971,Unavailable,Unavailable,"{""pb"":0.8}"
463,S0972,Fixture Stock 972,73,2.2,2280000000,8,200000,US.S0972,Unavailable,Unavailable,"{""pb"":0.8}"
464,S0973,Fixture Stock 973,74,2.3,2270000000,8,200000,US.S0973,Unavailable,Unavailable,"{""pb"":0.8}"
465,S0974,Fixture Stock 974,75,2.4,2260000000,8,200000,US.S0974,Unavailable,Unavailable,"{""pb"":0.8}"
466,S0975,Fixture Stock 975,76,2.5,2250000000,8,200000,US.S0975,Unavailable,Unavailable,"{""pb"":0.8}"
467,S0976,Fixture Stock 976,77,2.6,2240000000,8,200000,US.S0976,Unavailable,Unavailable,"{""pb"":0.8}"
468,S0977,Fixture Stock 977,78,2.7,2230000000,8,200000,US.S0977,Unavailable,Unavailable,"{""pb"":0.8}"
469,S0978,Fixture Stock 978,79,2.8,2220000000,8,200000,US.S0978,Unavailable,Unavailable,"{""pb"":0.8}"
470,S0979,Fixture Stock 979,80,2.9,2210000000,8,200000,US.S0979,Unavailable,Unavailable,"{""pb"":0.8}"
471,S0980,Fixture Stock 980,81,3,2200000000,8,200000,US.S0980,Unavailable,Unavailable,"{""pb"":0.8}"
472,S0981,Fixture Stock 981,82,3.1,2190000000,8,200000,US.S0981,Unavailable,Unavailable,"{""pb"":0.8}"
473,S0982,Fixture Stock 982,83,3.2,2180000000,8,200000,US.S0982,Unavailable,Unavailable,"{""pb"":0.8}"
474,S0983,Fixture Stock 983,84,3.3,2170000000,8,200000,US.S0983,Unavailable,Unavailable,"{""pb"":0.8}"
475,S0984,Fixture Stock 984,85,3.4,2160000000,8,200000,US.S0984,Unavailable,Unavailable,"{""pb"":0.8}"
476,S0985,Fixture Stock 985,86,3.5,2150000000,8,200000,US.S0985,Unavailable,Unavailable,"{""pb"":0.8}"
477,S0986,Fixture Stock 986,87,3.6,2140000000,8,200000,US.S0986,Unavailable,Unavailable,"{""pb"":0.8}"
478,S0987,Fixture Stock 987,88,3.7,2130000000,8,200000,US.S0987,Unavailable,Unavailable,"{""pb"":0.8}"
479,S0988,Fixture Stock 988,89,3.8,2120000000,8,200000,US.S0988,Unavailable,Unavailable,"{""pb"":0.8}"
480,S0989,Fixture Stock 989,90,3.9,2110000000,8,200000,US.S0989,Unavailable,Unavailable,"{""pb"":0.8}"
481,S0990,Fixture Stock 990,91,4,2100000000,8,200000,US.S0990,Unavailable,Unavailable,"{""pb"":0.8}"
482,S0991,Fixture Stock 991,92,4.1,2090000000,8,200000,US.S0991,Unavailable,Unavailable,"{""pb"":0.8}"
483,S0992,Fixture Stock 992,93,4.2,2080000000,8,200000,US.S0992,Unavailable,Unavailable,"{""pb"":0.8}"
484,S0993,Fixture Stock 993,94,4.3,2070000000,8,200000,US.S0993,Unavailable,Unavailable,"{""pb"":0.8}"
485,S0994,Fixture Stock 994,95,4.4,2060000000,8,200000,US.S0994,Unavailable,Unavailable,"{""pb"":0.8}"
486,S0995,Fixture Stock 995,96,4.5,2050000000,8,200000,US.S0995,Unavailable,Unavailable,"{""pb"":0.8}"
487,S0996,Fixture Stock 996,97,4.6,2040000000,8,200000,US.S0996,Unavailable,Unavailable,"{""pb"":0.8}"
488,S0997,Fixture Stock 997,98,4.7,2030000000,8,200000,US.S0997,Unavailable,Unavailable,"{""pb"":0.8}"
489,S0998,Fixture Stock 998,99,4.8,2020000000,8,200000,US.S0998,Unavailable,Unavailable,"{""pb"":0.8}"
490,S0999,Fixture Stock 999,100,4.9,2010000000,8,200000,US.S0999,Unavailable,Unavailable,"{""pb"":0.8}"
491,S1051,Fixture Stock 1051,52,0.1,1490000000,8,200000,US.S1051,Unavailable,Unavailable,"{""pb"":0.8}"
492,S1052,Fixture Stock 1052,53,0.2,1480000000,8,200000,US.S1052,Unavailable,Unavailable,"{""pb"":0.8}"
493,S1053,Fixture Stock 1053,54,0.3,1470000000,8,200000,US.S1053,Unavailable,Unavailable,"{""pb"":0.8}"
494,S1054,Fixture Stock 1054,55,0.4,1460000000,8,200000,US.S1054,Unavailable,Unavailable,"{""pb"":0.8}"
495,S1055,Fixture Stock 1055,56,0.5,1450000000,8,200000,US.S1055,Unavailable,Unavailable,"{""pb"":0.8}"
496,S1056,Fixture Stock 1056,57,0.6,1440000000,8,200000,US.S1056,Unavailable,Unavailable,"{""pb"":0.8}"
497,S1057,Fixture Stock 1057,58,0.7,1430000000,8,200000,US.S1057,Unavailable,Unavailable,"{""pb"":0.8}"
498,S1058,Fixture Stock 1058,59,0.8,1420000000,8,200000,US.S1058,Unavailable,Unavailable,"{""pb"":0.8}"
499,S1059,Fixture Stock 1059,60,0.9,1410000000,8,200000,US.S1059,Unavailable,Unavailable,"{""pb"":0.8}"
500,S1060,Fixture Stock 1060,61,1,1400000000,8,200000,US.S1060,Unavailable,Unavailable,"{""pb"":0.8}"
501,S1061,Fixture Stock 1061,62,1.1,1390000000,8,200000,US.S1061,Unavailable,Unavailable,"{""pb"":0.8}"
502,S1062,Fixture Stock 1062,63,1.2,1380000000,8,200000,US.S1062,Unavailable,Unavailable,"{""pb"":0.8}"
503,S1063,Fixture Stock 1063,64,1.3,1370000000,8,200000,US.S1063,Unavailable,Unavailable,"{""pb"":0.8}"
504,S1064,Fixture Stock 1064,65,1.4,1360000000,8,200000,US.S1064,Unavailable,Unavailable,"{""pb"":0.8}"
505,S1065,Fixture Stock 1065,66,1.5,1350000000,8,200000,US.S1065,Unavailable,Unavailable,"{""pb"":0.8}"
506,S1066,Fixture Stock 1066,67,1.6,1340000000,8,200000,US.S1066,Unavailable,Unavailable,"{""pb"":0.8}"
507,S1067,Fixture Stock 1067,68,1.7,1330000000,8,200000,US.S1067,Unavailable,Unavailable,"{""pb"":0.8}"
508,S1068,Fixture Stock 1068,69,1.8,1320000000,8,200000,US.S1068,Unavailable,Unavailable,"{""pb"":0.8}"
509,S1069,Fixture Stock 1069,70,1.9,1310000000,8,200000,US.S1069,Unavailable,Unavailable,"{""pb"":0.8}"
510,S1070,Fixture Stock 1070,71,2,1300000000,8,200000,US.S1070,Unavailable,Unavailable,"{""pb"":0.8}"
511,S1071,Fixture Stock 1071,72,2.1,1290000000,8,200000,US.S1071,Unavailable,Unavailable,"{""pb"":0.8}"
512,S1072,Fixture Stock 1072,73,2.2,1280000000,8,200000,US.S1072,Unavailable,Unavailable,"{""pb"":0.8}"
513,S1073,Fixture Stock 1073,74,2.3,1270000000,8,200000,US.S1073,Unavailable,Unavailable,"{""pb"":0.8}"
514,S1074,Fixture Stock 1074,75,2.4,1260000000,8,200000,US.S1074,Unavailable,Unavailable,"{""pb"":0.8}"
515,S1075,Fixture Stock 1075,76,2.5,1250000000,8,200000,US.S1075,Unavailable,Unavailable,"{""pb"":0.8}"
516,S1076,Fixture Stock 1076,77,2.6,1240000000,8,200000,US.S1076,Unavailable,Unavailable,"{""pb"":0.8}"
517,S1077,Fixture Stock 1077,78,2.7,1230000000,8,200000,US.S1077,Unavailable,Unavailable,"{""pb"":0.8}"
518,S1078,Fixture Stock 1078,79,2.8,1220000000,8,200000,US.S1078,Unavailable,Unavailable,"{""pb"":0.8}"
519,S1079,Fixture Stock 1079,80,2.9,1210000000,8,200000,US.S1079,Unavailable,Unavailable,"{""pb"":0.8}"
520,S1080,Fixture Stock 1080,81,3,1200000000,8,200000,US.S1080,Unavailable,Unavailable,"{""pb"":0.8}"
521,S1081,Fixture Stock 1081,82,3.1,1190000000,8,200000,US.S1081,Unavailable,Unavailable,"{""pb"":0.8}"
522,S1082,Fixture Stock 1082,83,3.2,1180000000,8,200000,US.S1082,Unavailable,Unavailable,"{""pb"":0.8}"
523,S1083,Fixture Stock 1083,84,3.3,1170000000,8,200000,US.S1083,Unavailable,Unavailable,"{""pb"":0.8}"
524,S1084,Fixture Stock 1084,85,3.4,1160000000,8,200000,US.S1084,Unavailable,Unavailable,"{""pb"":0.8}"
525,S1085,Fixture Stock 1085,86,3.5,1150000000,8,200000,US.S1085,Unavailable,Unavailable,"{""pb"":0.8}"
526,S1086,Fixture Stock 1086,87,3.6,1140000000,8,200000,US.S1086,Unavailable,Unavailable,"{""pb"":0.8}"
527,S1087,Fixture Stock 1087,88,3.7,1130000000,8,200000,US.S1087,Unavailable,Unavailable,"{""pb"":0.8}"
528,S1088,Fixture Stock 1088,89,3.8,1120000000,8,200000,US.S1088,Unavailable,Unavailable,"{""pb"":0.8}"
529,S1089,Fixture Stock 1089,90,3.9,1110000000,8,200000,US.S1089,Unavailable,Unavailable,"{""pb"":0.8}"
530,S1090,Fixture Stock 1090,91,4,1100000000,8,200000,US.S1090,Unavailable,Unavailable,"{""pb"":0.8}"
531,S1091,Fixture Stock 1091,92,4.1,1090000000,8,200000,US.S1091,Unavailable,Unavailable,"{""pb"":0.8}"
532,S1092,Fixture Stock 1092,93,4.2,1080000000,8,200000,US.S1092,Unavailable,Unavailable,"{""pb"":0.8}"
533,S1093,Fixture Stock 1093,94,4.3,1070000000,8,200000,US.S1093,Unavailable,Unavailable,"{""pb"":0.8}"
534,S1094,Fixture Stock 1094,95,4.4,1060000000,8,200000,US.S1094,Unavailable,Unavailable,"{""pb"":0.8}"
535,S1095,Fixture Stock 1095,96,4.5,1050000000,8,200000,US.S1095,Unavailable,Unavailable,"{""pb"":0.8}"
536,S1096,Fixture Stock 1096,97,4.6,1040000000,8,200000,US.S1096,Unavailable,Unavailable,"{""pb"":0.8}"
537,S1097,Fixture Stock 1097,98,4.7,1030000000,8,200000,US.S1097,Unavailable,Unavailable,"{""pb"":0.8}"
538,S1098,Fixture Stock 1098,99,4.8,1020000000,8,200000,US.S1098,Unavailable,Unavailable,"{""pb"":0.8}"
539,S1099,Fixture Stock 1099,100,4.9,1010000000,8,200000,US.S1099,Unavailable,Unavailable,"{""pb"":0.8}"
540,S1151,Fixture Stock 1151,52,0.1,490000000,8,200000,US.S1151,Unavailable,Unavailable,"{""pb"":0.8}"
541,S1152,Fixture Stock 1152,53,0.2,480000000,8,200000,US.S1152,Unavailable,Unavailable,"{""pb"":0.8}"
542,S1153,Fixture Stock 1153,54,0.3,470000000,8,200000,US.S1153,Unavailable,Unavailable,"{""pb"":0.8}"
543,S1154,Fixture Stock 1154,55,0.4,460000000,8,200000,US.S1154,Unavailable,Unavailable,"{""pb"":0.8}"
544,S1155,Fixture Stock 1155,56,0.5,450000000,8,200000,US.S1155,Unavailable,Unavailable,"{""pb"":0.8}"
545,S1156,Fixture Stock 1156,57,0.6,440000000,8,200000,US.S1156,Unavailable,Unavailable,"{""pb"":0.8}"
546,S1157,Fixture Stock 1157,58,0.7,430000000,8,200000,US.S1157,Unavailable,Unavailable,"{""pb"":0.8}"
547,S1158,Fixture Stock 1158,59,0.8,420000000,8,200000,US.S1158,Unavailable,Unavailable,"{""pb"":0.8}"
548,S1159,Fixture Stock 1159,60,0.9,410000000,8,200000,US.S1159,Unavailable,Unavailable,"{""pb"":0.8}"
549,S1160,Fixture Stock 1160,61,1,400000000,8,200000,US.S1160,Unavailable,Unavailable,"{""pb"":0.8}"
550,S1161,Fixture Stock 1161,62,1.1,390000000,8,200000,US.S1161,Unavailable,Unavailable,"{""pb"":0.8}"
551,S1162,Fixture Stock 1162,63,1.2,380000000,8,200000,US.S1162,Unavailable,Unavailable,"{""pb"":0.8}"
552,S1163,Fixture Stock 1163,64,1.3,370000000,8,200000,US.S1163,Unavailable,Unavailable,"{""pb"":0.8}"
553,S1164,Fixture Stock 1164,65,1.4,360000000,8,200000,US.S1164,Unavailable,Unavailable,"{""pb"":0.8}"
554,S1165,Fixture Stock 1165,66,1.5,350000000,8,200000,US.S1165,Unavailable,Unavailable,"{""pb"":0.8}"
555,S1166,Fixture Stock 1166,67,1.6,340000000,8,200000,US.S1166,Unavailable,Unavailable,"{""pb"":0.8}"
556,S1167,Fixture Stock 1167,68,1.7,330000000,8,200000,US.S1167,Unavailable,Unavailable,"{""pb"":0.8}"
557,S1168,Fixture Stock 1168,69,1.8,320000000,8,200000,US.S1168,Unavailable,Unavailable,"{""pb"":0.8}"
558,S1169,Fixture Stock 1169,70,1.9,310000000,8,200000,US.S1169,Unavailable,Unavailable,"{""pb"":0.8}"
559,S1170,Fixture Stock 1170,71,2,300000000,8,200000,US.S1170,Unavailable,Unavailable,"{""pb"":0.8}"
560,S1171,Fixture Stock 1171,72,2.1,290000000,8,200000,US.S1171,Unavailable,Unavailable,"{""pb"":0.8}"
561,S1172,Fixture Stock 1172,73,2.2,280000000,8,200000,US.S1172,Unavailable,Unavailable,"{""pb"":0.8}"
562,S1173,Fixture Stock 1173,74,2.3,270000000,8,200000,US.S1173,Unavailable,Unavailable,"{""pb"":0.8}"
563,S1174,Fixture Stock 1174,75,2.4,260000000,8,200000,US.S1174,Unavailable,Unavailable,"{""pb"":0.8}"
564,S1175,Fixture Stock 1175,76,2.5,250000000,8,200000,US.S1175,Unavailable,Unavailable,"{""pb"":0.8}"
565,S1176,Fixture Stock 1176,77,2.6,240000000,8,200000,US.S1176,Unavailable,Unavailable,"{""pb"":0.8}"
566,S1177,Fixture Stock 1177,78,2.7,230000000,8,200000,US.S1177,Unavailable,Unavailable,"{""pb"":0.8}"
567,S1178,Fixture Stock 1178,79,2.8,220000000,8,200000,US.S1178,Unavailable,Unavailable,"{""pb"":0.8}"
568,S1179,Fixture Stock 1179,80,2.9,210000000,8,200000,US.S1179,Unavailable,Unavailable,"{""pb"":0.8}"
569,S1180,Fixture Stock 1180,81,3,200000000,8,200000,US.S1180,Unavailable,Unavailable,"{""pb"":0.8}"
570,S1181,Fixture Stock 1181,82,3.1,190000000,8,200000,US.S1181,Unavailable,Unavailable,"{""pb"":0.8}"
571,S1182,Fixture Stock 1182,83,3.2,180000000,8,200000,US.S1182,Unavailable,Unavailable,"{""pb"":0.8}"
572,S1183,Fixture Stock 1183,84,3.3,170000000,8,200000,US.S1183,Unavailable,Unavailable,"{""pb"":0.8}"
573,S1184,Fixture Stock 1184,85,3.4,160000000,8,200000,US.S1184,Unavailable,Unavailable,"{""pb"":0.8}"
574,S1185,Fixture Stock 1185,86,3.5,150000000,8,200000,US.S1185,Unavailable,Unavailable,"{""pb"":0.8}"
575,S1186,Fixture Stock 1186,87,3.6,140000000,8,200000,US.S1186,Unavailable,Unavailable,"{""pb"":0.8}"
576,S1187,Fixture Stock 1187,88,3.7,130000000,8,200000,US.S1187,Unavailable,Unavailable,"{""pb"":0.8}"
577,S1188,Fixture Stock 1188,89,3.8,120000000,8,200000,US.S1188,Unavailable,Unavailable,"{""pb"":0.8}"
578,S1189,Fixture Stock 1189,90,3.9,110000000,8,200000,US.S1189,Unavailable,Unavailable,"{""pb"":0.8}"
579,S1190,Fixture Stock 1190,91,4,100000000,8,200000,US.S1190,Unavailable,Unavailable,"{""pb"":0.8}"
580,S1191,Fixture Stock 1191,92,4.1,90000000,8,200000,US.S1191,Unavailable,Unavailable,"{""pb"":0.8}"
581,S1192,Fixture Stock 1192,93,4.2,80000000,8,200000,US.S1192,Unavailable,Unavailable,"{""pb"":0.8}"
582,S1193,Fixture Stock 1193,94,4.3,70000000,8,200000,US.S1193,Unavailable,Unavailable,"{""pb"":0.8}"
583,S1194,Fixture Stock 1194,95,4.4,60000000,8,200000,US.S1194,Unavailable,Unavailable,"{""pb"":0.8}"
584,S1195,Fixture Stock 1195,96,4.5,50000000,8,200000,US.S1195,Unavailable,Unavailable,"{""pb"":0.8}"
585,S1196,Fixture Stock 1196,97,4.6,40000000,8,200000,US.S1196,Unavailable,Unavailable,"{""pb"":0.8}"
586,S1197,Fixture Stock 1197,98,4.7,30000000,8,200000,US.S1197,Unavailable,Unavailable,"{""pb"":0.8}"
587,S1198,Fixture Stock 1198,99,4.8,20000000,8,200000,US.S1198,Unavailable,Unavailable,"{""pb"":0.8}"
588,S1199,Fixture Stock 1199,100,4.9,10000000,8,200000,US.S1199,Unavailable,Unavailable,"{""pb"":0.8}"